{
  "Workflows": [
    {
      "Path": null,
      "SortBy": 0,
      "VariablesSectionElementsOrder": [],
      "ArgumentsSectionElementsOrder": null,
      "ConstantsSectionElementsOrder": [],
      "AddedNamespaces": null
    },
    {
      "Path": "Main.xaml",
      "SortBy": 0,
      "VariablesSectionElementsOrder": [
        "userEmail&Sequence_2",
        "fileExists&Sequence_2",
        "wordApp&Sequence_12",
        "doc&Sequence_2",
        "destinationCity&Sequence_1",
        "imageBytes&Sequence_14",
        "photoURL&Sequence_14",
        "imageFilePath&Sequence_14",
        "dtItinerary&Sequence_1",
        "lng&Sequence_1",
        "lat&Sequence_1",
        "address&Sequence_1",
        "name&Sequence_1",
        "responseAttachment&Sequence_1",
        "tripDurationStr&Sequence_2",
        "numDays&Sequence_2",
        "placeType&Sequence_2",
        "apiKey&Sequence_2",
        "apiUrl&Sequence_2",
        "placesResponse&Sequence_2",
        "placesJson&Sequence_2",
        "dtPlaces&Sequence_2",
        "i&Sequence_2",
        "planText&Sequence_2",
        "lastPhotoURL&Sequence_2",
        "photoRef&Sequence_4",
        "origin&Sequence_5",
        "dest&Sequence_5",
        "distApiUrl&Sequence_5",
        "distJson&Sequence_5",
        "duration&Sequence_5",
        "distJsonStr&Sequence_5",
        "photoURL&Sequence_5",
        "imageString&Sequence_14"
      ],
      "ArgumentsSectionElementsOrder": [
        "docPath",
        "wordApp"
      ],
      "ConstantsSectionElementsOrder": [],
      "AddedNamespaces": null
    },
    {
      "Path": "DownloadImage.xaml",
      "SortBy": 0,
      "VariablesSectionElementsOrder": [],
      "ArgumentsSectionElementsOrder": [
        "in_SavePath",
        "in_Url"
      ],
      "ConstantsSectionElementsOrder": [],
      "AddedNamespaces": null
    }
  ]
}